{
    "channel_loyalty": {
        "top_repeat_orders": {
            "카카오톡": 2226,
            "인스타그램": 747,
            "기타": 670,
            "크롬": 272,
            "네이버": 48
        },
        "top_repeat_ratio": {
            "TICTOK": 66.66666666666666,
            "사파리": 50.0,
            "카카오스토리": 50.0,
            "페이스북": 50.0,
            "크롬": 49.908256880733944
        }
    },
    "seller_loyalty": {
        "top_repeat_orders": {
            "킹댕즈": 762,
            "규원이네": 143,
            "다팜": 93,
            "1030040315": 90,
            "[제주삼춘]": 76
        },
        "top_repeat_ratio": {
            "규원이네": 95.33333333333334,
            "유지가게": 87.6923076923077,
            "해아림농장": 74.64788732394366,
            "[제주삼춘]": 67.2566371681416,
            "다팜": 64.58333333333334
        }
    },
    "repeat_customer_habits": {
        "top_products": {
            "감귤": 2968,
            "황금향": 396,
            "감귤, 황금향": 227,
            "고구마": 136,
            "한라봉": 98
        },
        "avg_repeat_count": 4.214805520702635
    }
}